row_number,site_id,sl_no,district,jfmc_name,file_path
2,c9a6d6ca-13c4-488d-aa0b-ddb0d549106b,1,North Tripura,Longvon,/uploads/gis/5aaa5709-985b-4d85-afe7-e21ffdeaf92c-1778162165004.kml
3,f77b333d-5bdd-454b-af3f-0125471105ce,2,North Tripura,Hamari,/uploads/gis/eac43039-c009-4320-a658-8f6d26f15b56-1778158711038.kml
4,35cce68b-2fac-440b-b256-2a7869eef4f3,3,North Tripura,Dr. Dowalpara,/uploads/gis/a8295836-e788-496f-8a01-6f434b56876c-1778157577916.kml
8,23a22b55-b498-48f4-aba3-4b09997f700c,6,North Tripura,Dupatacherra,/uploads/gis/e5a2df0c-008e-4018-ab32-9cdb237b83a9-1778236573956.kml
9,25c77837-6bb7-4dc8-9f23-3b02195cdf23,7,North Tripura,Birmani Para,/uploads/gis/97fe7890-6ba4-44f7-88ee-bfdaf3efedea-1778236675886.kml
10,6f4a8123-e1ba-46d3-8619-a57561bfbae7,8,North Tripura,Rabamanipara,/uploads/gis/cc006aa3-14e9-446c-94d1-a409687ea621-1778210383171.kml
11,e205ca04-7ed1-4016-bda8-a33636d0f013,9,North Tripura,Natunbazar,/uploads/gis/b3e32ea4-eb0b-4f6c-a40e-d146481e8473-1778208805219.kml
12,b8c39621-e44b-4c2e-a11c-ce2a851dfc4f,10,North Tripura,Dakshin Laljuri,/uploads/gis/f8122d90-387f-4a15-9a97-91a82de7f107-1778236273432.kml
13,e0a21f85-59f1-4256-be99-820716ec9081,11,North Tripura,Kalagang,/uploads/gis/d1a8184e-b75b-4dd6-8101-3b1098c7b215-1778163555962.kml
14,4aea58ac-d891-4b39-89b8-c8a8fa361591,12,North Tripura,S.K. Tlangsang,/uploads/gis/2c06ec73-99d7-4ce8-bf35-1404ceb7d4f4-1778184659468.kml
15,4b00bd3c-1870-4114-911e-cd24fdb7843c,13,North Tripura,Bishamani Para,/uploads/gis/322b63f8-f57a-4234-942e-104c83372b04-1778208520027.kml
16,9ecdd10c-3e0d-4b04-822c-05ed9dc7902c,14,North Tripura,Baganbari,/uploads/gis/5b80d8cd-82f6-4258-aaa6-aa56a7ba86d4-1778183942091.kml
19,107b05d7-3d8b-45e0-aaa4-4b00124614bc,15,North Tripura,Laichak Para,/uploads/gis/5a5c878d-76db-4d64-9e60-3d1144ad62de-1778157609731.kml
21,9eebfe35-74ca-45d7-a75f-2936275710fe,16,North Tripura,Sananda Para,/uploads/gis/725a5293-bfb8-4693-98ce-1b01e60fef39-1778208648216.kml
22,3eea0a4f-ce8e-4d51-838b-e5ac8dafc626,17,North Tripura,Kalagang,/uploads/gis/a0ddb74a-0586-4ed3-b165-353b8dc816a0-1778208942402.kml
23,51add987-2671-435e-a8f9-78ed586ca10f,18,North Tripura,S.K. Tlangsang,/uploads/gis/ccf11f6b-173c-4c0f-9c29-cf9e7a0b0058-1778209908427.kml
24,5d003f8c-0170-4b5d-8cf4-22f3b7ac51ce,19,North Tripura,Bishamani Para,/uploads/gis/d23760be-9d5b-4546-9ea6-d47e5219f655-1778207210016.kml
28,98808ea6-9a76-4640-ac49-abc9b481568f,20,Gomati,Chapiabari,/uploads/gis/65e781d2-411f-433a-9177-ef414bdc42f2-1778049328518.kml
29,1756b500-d14e-4d89-a499-f1462bc0b9b2,21,Gomati,Yakhli,/uploads/gis/2fc46d1d-fb8f-4a7a-9019-a3aebcfcc938-1778047530716.kml
30,df8f2793-d127-4572-9e00-c76b7727adcf,22,Gomati,Kalajhari Bru,/uploads/gis/5fadb048-b2db-4975-a27e-7112800f1691-1778047432715.kml
31,e7855e3d-9923-49dd-8c29-5b7e9ed1d93f,23,Gomati,Burburia,/uploads/gis/d8f4ef37-b05b-4939-a869-8b5c46ebcdad-1778481144851.kml
32,ea2d4874-ee64-45cf-a181-a2f7e6b6e63e,24,Gomati,Kurmachara,/uploads/gis/8c5f9449-e728-4d49-b239-68a63bc705e0-1778306656709.kml
35,a2a20584-3566-4994-a3fc-cc792bb19a6d,26,Gomati,Kurmacherra,/uploads/gis/77a099a0-7bb1-40cc-adf8-068221760b5b-1778306656709.kml
36,b77968bc-15ac-47ea-b241-5dff52207419,27,Gomati,Chungsaka,/uploads/gis/bbeb9e18-bf35-4e99-a405-96e54b272fed-1778219515426.kml
37,796574fc-7191-4be9-8630-cc0c794fd744,28,Gomati,East Sarbong,/uploads/gis/c42609cd-6730-4b0f-9490-36c60b8bc021-1778220204368.kml
38,759e0783-fc3c-4461-ba51-9942f5ca389a,29,Gomati,Jalaiya Para,/uploads/gis/9e91f16e-9c7e-49d8-8c43-078096229226-1778064309017.kml
39,8fcdc83d-7a91-4690-a23a-36efbc27abc9,30,Gomati,Sonacherra,/uploads/gis/ebdc78a1-9359-4c08-b1f0-52f57ab334a8-1778077391774.kml
40,f5a367ee-70c7-40e8-ad52-3f58db29a1e2,31,Gomati,Daijjak,/uploads/gis/f6f38973-589a-4b21-ad2c-bda967b9ce65-1778074455701.kml
41,cc1094e7-1a21-4a5e-b88b-0ecfff63ee1a,32,Gomati,Pelpui,/uploads/gis/83f097ab-3e24-47ca-a794-20ce36fb8f83-1778065595412.kml
44,3249598c-b105-499a-9987-a9cccbbf8bc6,34,Gomati,Molungther,/uploads/gis/27ae1a6f-1640-4132-b076-4d98104f8747-1778063811220.kml
45,ca6a2682-4937-48db-be0b-470899e9f7be,35,Gomati,Devendra Para,/uploads/gis/26c2d201-e9ce-4092-bd43-937d765608de-1778062194565.kml
46,a3897aa9-6972-4237-82ac-0b80523d6be8,36,Gomati,Jambukchara,/uploads/gis/4518afee-31d4-42cb-9d95-be5d055ab8fa-1778054301163.kml
47,979b172b-47f0-4354-ac6d-64633c63dc6a,37,Gomati,Ampi RGV,/uploads/gis/d0fd8ffe-0929-47c9-a09c-71a3a4551637-1778053154177.kml
50,09531396-ee44-4821-a199-22cf19445252,39,Gomati,Rambhadra,/uploads/gis/59a5e5d9-3395-457c-8f56-4bcf3b909360-1778067212291.kml
51,57d190e5-09c6-4518-a388-779122c190a9,40,Gomati,Dipchand Para,/uploads/gis/40a036c5-6c62-4ef8-acb5-e7bc86f785f7-1778066760440.kml
52,76231018-b11a-410a-b45e-c73f1b425873,41,Gomati,Yak Thengha,/uploads/gis/c72aca5f-37e5-443c-9747-f89745dde327-1778066474104.kml
53,50409856-376f-4e07-afaf-9f65c2f94436,42,Gomati,Sharma Twisa,/uploads/gis/0988a56e-9780-4188-9292-e8b1d1e419b9-1778066071572.kml
54,49bf8c65-519d-45a2-aa71-4ff630aebd62,43,Gomati,Raima Valley,/uploads/gis/b8bf35e9-4534-4658-8381-7fc55667105f-1778064551844.kml
55,69c8f9e9-3520-4c15-93b1-7cf111b51914,44,Gomati,Laxmindhar Para,/uploads/gis/4b2e2bd7-7e79-4459-a7fe-c5c33ab1d117-1778063442046.kml
56,4babc6d1-fd9a-452f-8bdc-d572c5ff4e5f,45,Gomati,Gomati Kotor,/uploads/gis/cd9af6f4-4a74-473f-8fa8-1091c157ae77-1778059082052.kml
57,2381e0e2-931c-48b6-bbff-256ac94137cf,46,Gomati,Jeciwa,/uploads/gis/cbb6c6b6-2ad9-4d3b-b9b9-f6b58611a961-1778223066196.kml
58,ec70d898-b093-446d-b976-d39c1462a896,47,Gomati,Agragami,/uploads/gis/2a573911-1602-4add-a84f-07a65fc30c0f-1778142187716.kml
59,c9a511ab-1471-408b-8665-b7f1827859fb,48,Gomati,Abhi Kumar,/uploads/gis/7a41e291-6cd8-4703-8a91-6fe708dde8f0-1778223386527.kml
60,4f6e76d7-c3a6-435c-bea0-20a2cd583621,49,Gomati,Mresana,/uploads/gis/096b68c1-5af2-4c9d-aa88-2e5401d779b1-1778155290331.kml
61,00a149cd-9e84-4ade-af7f-1cb769293ac7,50,Gomati,Magrum,/uploads/gis/5fd3df60-2103-4dd6-93e3-03eb75380885-1778155928949.kml
62,a10ae1e8-0a43-482e-8100-e017f633616b,51,Gomati,Puran Bari,/uploads/gis/374ce679-af7c-4020-beba-0e57204bf7a1-1778222730826.kml
63,410d569f-5dfa-4395-89d9-d1941a3f0229,52,Gomati,Ghorakappa,/uploads/gis/1e199e9c-0cb6-410a-9cc1-8e417154a20e-1778224200077.kml
64,64b3bcd1-a2e0-4ae6-b6fc-e4ea71a2ac31,53,Gomati,Fulchari,/uploads/gis/fb9585b1-3ffc-4d9b-b8d7-22cd9261a888-1778224879837.kml
65,6d0cec74-965e-477a-a00f-5279cc930467,54,Gomati,Twisama,/uploads/gis/2f58741f-8f7f-4a45-9743-9b67777c8dca-1778225281245.kml
68,fa9eb793-0b46-494e-8554-538bec2fcd21,56,Gomati,Ramchandra Para,/uploads/gis/7df27a99-6d85-4de2-8b30-6f7dbdd0e9e9-1778226163667.kml
69,d33e4eb0-0fdd-4573-bb4f-e555b6e083bb,57,Gomati,Hatipacha,/uploads/gis/e180f319-f892-486b-b928-26bd995d2feb-1778064587430.kml
70,a6581cc3-639c-497f-b8a8-e10cdfc34f3d,58,Gomati,Warrangbari,/uploads/gis/1d49198a-042e-4fec-8bc4-d6ac4b937806-1778143744427.kml
71,e239a3c9-8a4c-4a0a-9fab-34ce4fa043b9,59,Gomati,Sungrung,/uploads/gis/0d9ddc7f-fad3-4cdf-bc38-c377e8b363c9-1778144159157.kml
74,19842c49-f808-4f74-b31b-f131908ce34b,61,Gomati,Greenland,/uploads/gis/da0245a4-de66-4f68-85ce-eade826bddd0-1778477492827.bin.kml
75,2cc58283-9a42-47f5-ac58-69d0b9ab4185,62,Gomati,Sourasabuj,/uploads/gis/367f52f0-9eaf-4945-8f62-e06891ee721e-1778484804197.kml
76,8c6b7fa6-d98e-4685-b1e7-49dbe2957f85,63,Gomati,Jibansathi,/uploads/gis/7432ba67-8312-41a0-a0f1-c3d64140cc8b-1778485371033.kml
77,cdbd31e1-0105-4cb9-84d6-a30ad676ef4b,64,Gomati,D. Banashree,/uploads/gis/441748b8-8cca-4c90-a675-afdb772128d3-1778146092683.kml
79,180298e6-7d39-46c8-9019-9de73c77c6f6,65,Gomati,Charthai,/uploads/gis/dc7c7d32-0f74-4922-9257-b7d86a79b714-1778239203261.kml
80,f7e81f82-4bd4-4f50-af2a-df330aa9dff0,66,Gomati,Atharabhola Luku,/uploads/gis/e5a9f5b3-83dc-47b2-9609-959ddb973c1c-1778239529241.kml
81,04e52556-5381-4731-9e6b-aa4a63bb79b9,67,Gomati,Twichakathor,/uploads/gis/f018665b-0a3b-4f80-86af-ebe08f5a2a09-1778486946252.kml
82,b13807cc-2d87-4bb9-99a9-e3d17a7d16eb,68,Gomati,Dakmura,/uploads/gis/5a16fa8b-6ad9-485a-885b-37679628e129-1778486831889.kml
83,3e4b5b09-a852-4521-b2d2-f73f7fca5ed0,69,Gomati,Twinaklai Kolai,/uploads/gis/31def649-93c3-4ae8-8209-613398719f72-1778238959388.kml
85,57cebeda-5452-4e6c-b518-aea66bc60f49,72,Gomati,Sonacherra,/uploads/gis/6391cb36-4418-4697-8d0f-70ab2fbd564f-1778077631004.kml
86,d8b61c06-de3e-4d4a-a0a6-20f17102213e,73,Gomati,Daijjak,/uploads/gis/e53d2e19-d7e4-462b-9a76-dfd7c2225009-1778076204889.kml
87,db356ca7-4c99-4a96-ac21-39f793b88cef,74,Gomati,Jalai,/uploads/gis/f1503c11-c972-4899-b065-d48f97bdd271-1778064724723.kml
88,778766e7-9e76-448e-9d66-e410392b90c0,75,Gomati,Jambukchara,/uploads/gis/569f7c20-e3d1-4076-a535-1ef25fc5cd0a-1778054817941.kml
90,de762f88-1568-4aab-b8a5-ac19faa3397d,76,Gomati,Chungsaka,/uploads/gis/47b203ca-5b0b-4236-98c7-1ffc8d0e7246-1778220628748.kml
91,7de74386-ba53-4327-bf3d-3999fcb129d9,77,Gomati,East Sarbong,/uploads/gis/66aed974-9540-4426-909a-8852e2170109-1778221158444.kml
93,03d33d5d-e6e6-4a85-98db-05c7f0c200c0,79,Gomati,Gomati Kotor,/uploads/gis/daf0c9c9-8a24-40d3-9fdd-64a9eb71c44a-1778062580491.kml
94,0c98dace-bf43-4715-b9fb-25c576fb74c0,80,Gomati,Agragami,/uploads/gis/49a6cf9e-b97c-44cb-9e9d-c1c6868d0531-1778142416732.kml
95,565c78ac-e36e-4748-b8d6-2f156832af26,81,Gomati,Abi Kumar,/uploads/gis/19588240-56a8-48d5-8b9e-a5fae5ff7e38-1778223808102.kml
96,3771861f-4171-4d9f-a6b7-d9c3d69fa857,82,Gomati,Mresana,/uploads/gis/480647a0-ed29-4e9e-8d33-0353c02524af-1778155571631.kml
97,5932033d-70cc-4ccf-a632-20b91f5ad03c,83,Gomati,Magrum,/uploads/gis/d3818925-f317-43a9-affa-248f24569e1b-1778222070861.kml
98,4e79deb0-b831-447f-92cb-444a66ecc6cb,84,Gomati,Ghorakappa,/uploads/gis/2324cf3f-f670-47f4-becb-1d257bc9c5c5-1778224505891.kml
99,a866c564-6f31-4df2-a2ee-cdfa6c3a2b85,85,Gomati,Ramchandra Para,/uploads/gis/0339d8dc-7b31-432a-a14f-c7f71c15eb3c-1778226480600.kml
100,e003a044-aecc-479b-8d85-4797b90fb829,86,Gomati,Salka,/uploads/gis/43ec773a-a435-45be-a9d7-2740e3a85bf4-1778225595401.kml
101,71af53ac-e234-4065-bf04-8a2d050ad0a8,87,Gomati,Pouramura,/uploads/gis/15de859a-9b2a-4462-819e-03ba156ea202-1778065031287.kml
102,a4bf5a0d-6697-4a52-8a85-31fdbc221a42,88,Gomati,Greenland,/uploads/gis/61ee20fb-d6ce-4432-8069-25a5a7f143eb-1778477955075.kml
105,7f8a4812-c29f-4dfd-ab95-83557dbf14fc,90,Gomati,Jibansathi,/uploads/gis/5999655e-15a8-4e7d-adc9-11606f3445b4-1778485463781.kml
115,17f0eb33-9060-427b-8cbe-49cd86fbbafd,98,South Tripura,Haptabari,/uploads/gis/fc26ac19-5c12-4b17-a922-763e3a027c27-1778063866681.kml
116,c1cf8a6e-c81e-45c7-8887-a50269270593,99,South Tripura,Sundarban,/uploads/gis/4b053c1f-83b3-42ff-b6c3-dac588835425-1778068076210.kml
117,c7aaeb71-57b2-4eef-8cb0-aec357b0bbc9,100,South Tripura,Maa Durga,/uploads/gis/2d068375-8a20-4cd9-a937-15b67fbf927a-1778147855883.kml
118,e4f9b48e-cb7c-449e-ba08-9651726d7dd3,101,South Tripura,Shibpur,/uploads/gis/80c97ab3-5234-4578-823e-039c0233bdb8-1778070311805.kml
148,edca522a-3e2f-49d6-ba9b-cbc768449926,130,South Tripura,Neshaka,/uploads/gis/626bef75-7290-4301-a6db-27ef7f9c2dff-1778066426718.kml
149,6e402df8-d7e8-40c0-8676-440437b1bd8d,131,South Tripura,Shisaka,/uploads/gis/86d22d20-f9a5-47d1-9cff-407f0756b868-1778066273143.kml
154,a1c9cec4-6dad-4206-96c8-e32c2ec23223,134,South Tripura,Lankajoy,/uploads/gis/578bd893-4a2f-465d-96f6-83f817ebf258-1778578381936.kml
155,622917b2-1c7b-403a-ba7c-4cc98034a2e2,135,South Tripura,Haptabari,/uploads/gis/7c8110b2-f9f7-4d93-8a84-fe49e50e521d-1778063866681.kml
158,6b44bb6a-6138-4e65-8e5f-9d45033e71d2,137,South Tripura,Shibpur,/uploads/gis/2a0077ce-7f7b-46d3-9565-d3cd926352ad-1778070387536.kml
160,9e1d642c-6d1d-466f-a7bd-864f3c71ef85,138,South Tripura,Kaladheepa,/uploads/gis/3c1feadd-29d4-4ced-9cfe-5d10d06dbac9-1778065978235.kml
161,e099ce11-f806-4435-ae12-28081d3e68d4,139,South Tripura,Shyampara,/uploads/gis/c07a561a-b93f-4cd0-b159-21ff2cb2ac64-1778066871689.kml
163,48954674-4622-48d7-bb85-81f4d79fbcac,140,South Tripura,Ratanmoni,/uploads/gis/767786f5-fe99-4024-800f-f2ddc67ada97-1778068991712.kml
164,409a406d-40c6-4303-9b7c-97e30b9025e7,141,South Tripura,Mondali Para,/uploads/gis/41c9d7e8-3e05-4b32-8bc1-0b8ffe5eeee3-1778070483437.kml
166,012e0deb-0777-4c9d-8615-8b21a33a07e2,142,South Tripura,Surjyamukhi,/uploads/gis/9bbca918-f849-462f-a18d-1d0587a02a84-1778072838213.kml
167,729f764f-0063-42ec-bb73-c7122bfec557,143,South Tripura,Bolongtamsha,/uploads/gis/80a3f346-6cd3-41b1-8057-603018930d28-1778073102374.kml
175,2eff54f7-5f2a-4c03-a001-fceb69261583,148,South Tripura,Bagmara,/uploads/gis/27074c6a-eecf-4cef-a415-fed59efe99a5-1778069246739.kml
182,31dad95a-9854-46f5-b088-5ca0da3f0337,153,South Tripura,Kumaru Maduti Rupasree,/uploads/gis/a6ac0014-7392-47dc-9bc7-aab8ed62fbda-1778069139438.kml
189,50762f9b-a74b-40da-bd1b-7fe67dcd08ef,157,West Tripura,Brugudasbari,/uploads/gis/29bcb972-42f8-46c2-aaed-13151771d7e2-pre-survey-map-of-anr-bamboo-plantation-over-23.0--ha-at-brigudas-jfmc-of--raktiacherra--beat-under-mandwi-range-during-the-financial-year-2026-27.-15_20_53.kml
190,a0d17f4b-9784-4b73-82b0-f4a4679deaf3,158,West Tripura,Nagichara & Marak para,/uploads/gis/10119f80-80e9-4a78-a5d9-332d926862a3-pre-survey-map-of-anr-bamboo-plantation-p-i-element-project-over-5.0-ha-at--tulakona-beat-under-champakpaknagar-range-during-the-financial-year-2026-27.-15_31_49.kml
191,2c091f70-2e51-4039-9968-d23f4b9808a8,159,West Tripura,Dhupchara,/uploads/gis/74365683-c841-4b83-a611-c5c86218aec9-pre-survey-map-of-anr-bamboo-plantation-p-ii-element-project-over-5.0-ha-at--tulakona-beat-under-champakpaknagar-range-during-the-financial-year-2026-27.-15_34_5.kml
192,e2b0ca9e-fed6-47b9-8e4a-4759947ad128,160,West Tripura,Dhuptila Twisa,/uploads/gis/bda2ecd8-47a2-4769-a493-bd3fe3c8739c-pre-survey-map-of-anr-bamboo-plantation-element-project-over-5.0-ha-at--belbari-beat-under-champakpaknagar-range-during-the-financial-year-2026-27.-11_21_49.kml
196,cb96de17-af07-4ae0-ba6d-1fc68896caa4,164,West Tripura,Cha-sukang,/uploads/gis/8ef2348a-c0b3-49b2-b92d-4fc20755fb6a-pre-survey-map-of-ar-bamboo-plantation-element-project-over-10.0-ha-at--madhabbari-beat-under-mandwi-range-during-the-financial-year-2026-27.--11_8_44.kml
197,e208726c-7563-4f39-969b-e6474488b1b1,165,West Tripura,Abhicharan Para,/uploads/gis/9bfa6758-4391-4595-88ee-00bffc6e6a66-pre-survey-map-of-ar-bamboo-plantation-over-10.0ha-at-abhicharan-jfmc-of--khengrai-beat-under-mandwi-range-during-the-financial-year-2026-27.-a-11_4_54.kml
198,b4d86c59-9459-484b-b72a-3892ca793ffc,166,West Tripura,Nagichara & Marak para,/uploads/gis/6dd9bd7c-4008-40d1-bcdb-793554a90473-pre-survey-map-of-ar-bamboo-plantation-element-project-over-5.0-ha-at--tulakona-beat-under-champakpaknagar-range-during-the-financial-year-2026-27.-15_29_19.kml
202,0834d81e-5e0f-4259-be80-9026f2200800,168,Dhalai,Rohida Para EDC,/uploads/gis/d60aa0fa-f6b3-451a-a9c2-be11f559540e-1778577130731.kml
203,b10bc9be-4c42-4a73-a6c7-7c3daf2f175a,169,Dhalai,Pakhir Para EDC,/uploads/gis/293443ad-ee9b-4e51-a624-c390e7cab915-1778671757551.kml
204,55a9d876-bacc-445e-97cd-de0d717d38f7,170,Dhalai,Rajdhan Para,/uploads/gis/8959019e-3903-4939-ad0d-e68cc722c52b-1778579146617.kml
205,b0a04aeb-bd5e-4667-876f-7242b21ce674,171,Dhalai,Amulyadhan Para EDC,/uploads/gis/482e6f51-a784-4e4d-ae14-f051470dfc53-1778580159755.kml
206,5c60a018-2308-45d0-8c73-b37eba45eb27,172,Dhalai,Prakash Joy Para,/uploads/gis/b687c1e7-f1c6-49f3-a7fb-a998d0a99488-1778580282746.kml
208,8dbc3c4b-6504-4314-b400-0bff9019ce97,174,Dhalai,New Barabari,/uploads/gis/7a8d9d21-2809-40da-a474-f9edc50614e1-1778579767028.kml
209,c5a0e5a8-f486-48f9-b04f-3b1d95d63260,175,Dhalai,Old Barabari,/uploads/gis/b2bb9f1f-2ad2-460e-82d7-28d22fb6327a-1778579454386.kml
213,4df2b058-7c6f-46b5-83ee-552079f386c1,178,Dhalai,Champarai Para,/uploads/gis/76bd190e-75fa-4555-a00a-736c927da828-1778558787847.kml
214,f9e55e77-464c-4bff-a585-714954a5beb4,179,Dhalai,Jatindra Para,/uploads/gis/a9ded78f-efa7-452b-a0ec-e9ef79919ec4-1778558990757.kml
215,8d31f6b1-5066-4cb9-a4d6-b7150937f0f5,180,Dhalai,Thakurcherra,/uploads/gis/a4c02e11-4a6f-4d0f-9a1c-dabc883975c8-1778672002252.kml
218,23959ac0-22d2-4d12-99f5-1c3caccd9472,182,Dhalai,Hapungpara raja,/uploads/gis/6e37eacf-e32e-4752-9c47-7ffd132726ed-1778561565380.kmz.kml
219,1e074313-5bd9-42e9-ab66-cd15aebf3e00,183,Dhalai,Twikwchang,/uploads/gis/31071a3d-8d51-431f-9039-b96f7e660cb4-1778486473005.kml
222,701d31f4-2666-4165-aa68-ba5798fc88eb,186,Dhalai,Sukhtara,/uploads/gis/c14608d1-ac2e-43d7-b5da-4b4c6a379941-1778166156302.kml
223,f477a2eb-f364-4861-8ab2-0682a0bc3a94,187,Dhalai,Uttam,/uploads/gis/ce81f491-12d2-474a-b8e2-b4c53c4845db-dalucherra-5-ha-ar-bamboo-uttam-jfmc-under-element-prject-19_20_23.kml
224,2407b00e-cd52-4b9f-8ee8-26efd0d29d0d,188,Dhalai,Thoucha,/uploads/gis/ceed44da-7df6-42a0-a798-ad5d38f92b24-1778166598550.kml
225,4821e14a-d805-49bb-80f9-a187cf74b528,189,Dhalai,Bijoy Master Para,/uploads/gis/e5188138-5721-4dbe-be75-408cbfe95143-1778166863366.kml
228,f16ba5db-46d1-4680-bb93-c3f37e35fd49,192,Dhalai,Jana Shakti JFMC,/uploads/gis/8b8abb2a-dd82-4c74-b785-43436c0fc07d-1778219545940.kml
229,3955139f-743a-45e6-8ac8-e2a5dfe24025,193,Dhalai,Chandali Roaja Para,/uploads/gis/d35a5e3a-ae9b-42b2-8fa8-281691c229e8-1778168303117.kml
231,3975881d-e5ed-4018-865d-06960c94d70b,195,Dhalai,Garia JFMC,/uploads/gis/f9b5ac8d-e51c-48d4-8275-2a607cedb8d6-1778168528652.kml
232,2f88c28a-ef72-42f8-8b81-d612e62cbeb6,196,Dhalai,Khongthaiya Bodal JFMC,/uploads/gis/38473ead-0535-468d-8b5e-a56914b24fe0-1778168638231.kml
234,e546797c-5c8d-4bf9-a26a-6677808a0348,197,Dhalai,West Lambucherra,/uploads/gis/d351f457-ab7f-4254-bc39-3990eda296b1-ar-bamboo-plant.-over-1.0-ha-at-west-lambucherra-under-srirampur-beat-during-2026-27-19_26_43.kml
235,a0185626-0f57-4d81-bac8-37eecf1907ad,198,Dhalai,Sephali,/uploads/gis/ca4b1505-6d09-4a91-8798-8be8e29e79e5-track_ar-bemboo-plant.-over-10.0-ha-at-sephali-jfmc-under-harincherra-beat-14_34_53.kml
236,91e68f9d-7410-4baa-95ff-b2db5232d867,199,Dhalai,Ghantacherra,/uploads/gis/f09c6b35-802f-41e2-a2fc-280e848d34be-ar-bamboo-plant.-over-5.0-ha-at-ghantacherra-jfmc-under-kulai-beat-14_14_41.kml
237,2de8b9bf-d22d-45b6-b6b1-4b66c7230e9b,200,Dhalai,Nasuk,/uploads/gis/860a4691-b518-4cf0-b5b1-65f6fc965194-ar-bamboo-plant.-over-5.0-ha-at-naisuk-jfmc-under-jeolcherra-beat-during-2026-27-19_36_8.kml
238,6f9ceaa0-b2ab-4b89-bfef-6b1804d9c4a7,201,Dhalai,Unag Bazar,/uploads/gis/316336d8-61e4-4212-b29e-df533b990efc-ar-bamboo-plant.-over-5.0-ha-at-kachucherra-beat-part---ii-18_49_57.kml
242,6fd776bd-ee86-4113-8bb0-e565d407cbf0,203,Dhalai,Rohida Para EDC,/uploads/gis/ffdb02ae-b239-4be0-8e31-37f6b95969c4-1778577059897.kml
243,7ea64e6a-f0a2-4edc-b165-1777aeddc8bb,204,Dhalai,Pakhir Para EDC,/uploads/gis/b0c5faab-f702-4bee-8cd2-48ab0484d549-1778671638271.kml
244,a7ae27d4-abe8-4a68-8f1a-7df96e9f7217,205,Dhalai,Wansa Para,/uploads/gis/798ee8ba-6c0e-4067-bebd-6679a2175aab-1778577619468.kml
246,f0ab8e64-aba9-4fcd-ad9a-e29f3d7f07cf,207,Dhalai,Prakash Joy Para EDC,/uploads/gis/fdff078b-bf79-4c82-ae71-1d51f02f9ecf-1778580012708.kml
248,59a2ca1b-5725-4deb-a7b0-ddd12c1062a2,209,Dhalai,New Barabari,/uploads/gis/fe1dd897-ca32-4e75-aa2a-c057447bb84e-1778579250181.kml
249,6113b294-13d2-48f8-997e-4bfefbd33374,210,Dhalai,Old Barabari,/uploads/gis/1b14811d-e3cc-4bdb-90eb-d038e4e47959-1778579359713.kml
250,4cee6a67-35ac-4e4b-94c0-af2e912cc2a7,211,Dhalai,Bharat Chandra Para,/uploads/gis/4468a2b3-0edb-4730-a9b6-7fed1e939402-1778493693702.kml
251,ea4dc74c-8ea2-4b35-a88a-3e5544ed3561,212,Dhalai,Tirtha ram Para,/uploads/gis/077fece4-0616-451a-a86d-9a110f6ebb6d-1778493899358.kml
252,e8c9100d-1356-4787-b242-debd17162c38,213,Dhalai,Champarai Para,/uploads/gis/585ec512-fc4e-48e6-90f4-a5da758609c7-1778558422260.kml
253,0506088b-b629-4b2e-878f-687aa057d765,214,Dhalai,Jatindra Para,/uploads/gis/93ed20b1-1c5e-4425-a411-2756d828f990-1778558600896.kml
255,5686e137-24f9-43b9-9e3f-339af5f87d20,215,Dhalai,Adam Unnayan,/uploads/gis/999a2144-cc67-4001-951b-4097d7cf1fed-1778487045242.kml
256,5d887af4-ebc6-4210-95cb-d963ebff0dde,216,Dhalai,Siddiram Para,/uploads/gis/1876eaa0-fd6e-4940-885b-ca13e7731ed4-1778166385484.kml
257,4b468c14-b594-4e69-97de-66784415665c,217,Dhalai,Sukhtara,/uploads/gis/658ee6a1-42f7-4054-8dc8-71a7dd0ae68a-1778166221478.kml
258,7fe9a340-830f-4959-a2a8-237832a7f32e,218,Dhalai,Thoucha,/uploads/gis/171fdfc6-b6b7-436f-a16b-97005a5cccce-1778167384307.kml
260,69e10ed0-8f88-413a-b2ab-879c578dd64a,220,Dhalai,Purna Karbari Para,/uploads/gis/056eab57-73d7-4b01-825f-1526f39c49dc-1778167570897.kml
261,17abea50-a88c-49d8-8ac0-145f58f9ce55,221,Dhalai,Milan Sobha JFMC,/uploads/gis/22d761fc-6262-462e-ad2a-f73c2a090998-1778479497014.kml
262,5603f5a2-9577-4d7e-8643-29b8f4a843b8,222,Dhalai,Jana Shakti JFMC,/uploads/gis/0f6f4122-339a-46f2-a1bb-3b0dfededb32-1778219601082.kml
263,ac2475cd-553d-4bd1-b39b-67c7054d91f8,223,Dhalai,Chandali Roaja Para,/uploads/gis/f464afe6-69ac-411a-b3db-5f24a0a55d65-1778168366086.kml
264,c0b61613-c615-4b88-8e25-e5228c246d6d,224,Dhalai,Thansa Bodol JFMC,/uploads/gis/7d5ac85f-8595-4478-88f2-8928eca4c424-1778168472318.kml
265,5f4bcc33-0218-4e00-b022-ccdbd94cb700,225,Dhalai,Garia JFMC,/uploads/gis/1c508b53-daf8-4e86-be4e-29baaa85a501-1778168573349.kml
266,b64fb66e-e643-4495-bc2f-cbf8a0bc63c9,226,Dhalai,Khongthaiya Bodal JFMC,/uploads/gis/e9d4c810-41d9-44f0-9788-ddcf39a8b138-1778168704277.kml
268,8aaa043a-5489-4b95-9385-65ff24e54211,227,Dhalai,West Lambucherra,/uploads/gis/eb40b370-79fc-4fe8-b2f9-3172e5ee2913-1.0-ha-anr-bamboo-19_25_13.kml
269,8aa3a9ae-a69a-4936-a5b7-5c2fe64da26b,228,Dhalai,Mayachari,/uploads/gis/8451a21f-77ac-4335-8af3-df7456e8a708-anr-bamboo-plant.-over-1.0-ha-at-mayachari-jfmc-under-ksmalpur-beat-during-2026-27-19_43_21.kml
270,e7e93a15-f64f-43b2-ab43-c75de91f2802,229,Dhalai,Hamakrai,/uploads/gis/714304d5-4bcf-457c-b524-e8255756a045-anr-bamboo-plant.-over-10.0-ha-under-element-project-under-harincherra-beat1-19_28_47.kml
272,6bd0fbbc-d408-409b-962d-7b11dc839575,231,Dhalai,Delwai,/uploads/gis/87453f7d-f9a6-46c7-847b-595a1bb9ebc1-anr-bamboo-plant.-over-10.0-ha-at-delwai-jfmc-under-harincherra-beat.gpx-2-19_24_41.kml
273,f0ee9bfe-b516-4bb0-9e2b-b240771d1c04,232,Dhalai,Duigangpara,/uploads/gis/22a7595c-bf73-4a5c-9795-f08cc15bf3af-anr-bamboo-plant.-over-5.0-ha-at-kachucherra-of-kachucherra-beat-during-2026-27-19_35_2.kml
275,26107072-6257-4853-8a6c-56ffa66d6fd4,234,Dhalai,Kobaksa,/uploads/gis/c2546fc6-b1c3-4642-a948-31c59cf7e99c-anr-bamboo-plant.-over-5.0-ha-at-ashapurna-of-mendi-beat-under-element-project-19_31_53.kml
278,447d6a4a-ce93-4807-9767-6a7f1cdebce9,235,Khowai,Tuichar,/uploads/gis/e6f1a147-70b5-4816-a50a-9c6ebe210439-1778487688836.kml
279,3763fc35-b832-4108-b846-bb4f5b86d613,236,Khowai,Kalaipara,/uploads/gis/49b3e28e-4808-4cba-adc2-a1705540e93e-1778171161112.kml
280,dffe7c18-73aa-4f7d-95b8-e6ae1f6c38b5,237,Khowai,Sukhiya Bari JFMC,/uploads/gis/53d1cec0-8ca9-4356-8e2d-b7c75f30e5ba-1778489020861.kml
281,dc534ced-973d-467c-8837-44b4254174ab,238,Khowai,Langma,/uploads/gis/5bd537e4-de81-4f0b-a7d9-8c147e537cb0-1778157725002.kml
285,1d91f1f8-81d1-47c1-8034-1e48ca79d02c,241,Khowai,Tuichar,/uploads/gis/d7435c23-b9ac-4c1f-b380-84c9f51f58c6-1778482962491.kml
286,7544562e-553b-4133-9b1f-538056aeb502,242,Khowai,Dhukhiapara,/uploads/gis/d55fc56c-4246-490b-a55b-772a7c2f6f8a-1778170974074.kml
287,ba0eb7e3-a477-442f-b58b-58dea011e1df,243,Khowai,Nishan Sardar,/uploads/gis/96f1a9bf-bc64-4bc4-83b3-b210825b76ca-177815522a4230.kmz.kml
296,bea0c37c-e59e-498f-b538-b05be3eba5fe,244,Khowai,Lamkwtal,/uploads/gis/0f3b3586-c3ac-418e-86aa-6ceae634307a-1778490563913.kmz.kml
297,5d959b5b-0eff-4db7-aa39-b520eaffd583,245,Khowai,Akhatabari,/uploads/gis/f755dbc4-ead4-4fb3-b78b-fa7a8be7f1c7-1778561245957.kml
298,a21e4c12-71a6-4015-a8ed-9ba4282a0fa0,246,Khowai,Akhatabari,/uploads/gis/71c14695-bb57-4d7f-8de9-765df2f2e99e-1778561629961.kml
299,058b9291-dd7f-4aeb-ae87-12f2ac36d264,247,Khowai,Jalaitwisa,/uploads/gis/fd642c19-a085-4fbe-b662-749341b2b3eb-1778561852725.kml
303,25662658-2948-4ed7-985f-313b1e590736,248,Khowai,South RC ghat 1,/uploads/gis/12f7179a-2812-4446-995d-42f1707c7156-1778562745435.kml
304,64ec91c4-7b70-44fb-8724-22595055c580,249,Khowai,Paschim Belchara,/uploads/gis/566b93e9-413c-4677-aa5b-f1a859a71542-1778488604103.kml
305,cbfd67b9-daa2-45a7-aa1f-e570466eea70,250,Khowai,Ratanpur,/uploads/gis/97f25fb3-9ad6-4690-9aeb-b7e00d504c1b-1778488459356.kml
309,e9286fc0-51e4-48f3-b4dd-cb4123a28b98,242,Unakoti,Chinibagan,/uploads/gis/ef1fb536-d898-4d5c-9f88-77831f25f005-1778488582064.kml
310,25057f8b-ca88-4e1a-ba40-9284034ba00c,243,Unakoti,Santipur,/uploads/gis/ee0aa178-02fb-421b-8f13-f822e8070fcb-1778166124598.kml
311,44971bd7-e7c0-4ee0-90b8-03e3af4f0e19,244,Unakoti,Khashrai,/uploads/gis/184b2aed-ae57-4ebb-a2f1-8a96570131c1-1778165830119.kml
312,ca23bb70-b86d-4511-a7e2-2174cb8de76b,245,Unakoti,Pusharai Para,/uploads/gis/c0162142-5c30-4395-bf71-9cab37d321c7-1778166697028.kml
313,c8a816c7-41d0-4d3e-8f66-9903b28bdf74,246,Unakoti,Paschim Ramdula Para,/uploads/gis/42a9013d-c077-4843-b5ae-c14a38a67d1e-1778166881456.kml
315,68cc01f2-067b-4c79-8ed8-230d1ed461ed,247,Unakoti,Chinibagan,/uploads/gis/0c3de767-72f3-4391-b223-c87fd1a0fe90-1778489871583.kml
316,dd2784b2-1df9-45fe-8cae-1288d31b64c6,248,Unakoti,Green Valley,/uploads/gis/d0924470-2944-4a17-a28a-cd0b5a0fb737-1778252239231.kmz.kml
317,5ce50b53-26f5-4ac6-b949-cb13620782fa,249,Unakoti,Pongcherra,/uploads/gis/877e27cd-964f-42b6-a02b-b1a0793a1b72-1778252447232.kmz.kml
319,120a4e43-301d-4f96-ad58-125ef45f4faa,250,Unakoti,East Raitwisa,/uploads/gis/c1f70406-eee4-432c-98c0-48ad960ad638-1778164739562.kml
320,6a3b729b-be18-486f-9654-fbb4c3356470,251,Unakoti,Sabuj Sathi,/uploads/gis/3643999b-d55f-476d-a81c-ba892ea40b69-1778163741900.kml
321,04d6e5ec-3911-4dd2-8f05-f5445bbba631,252,Unakoti,Ugalcherra,/uploads/gis/553471c6-06a6-4229-bbd5-4ce630616aeb-1778166203465.kml
322,68af60b9-6dd3-4665-8ba2-c301d48a5303,253,Unakoti,Khashrai Para,/uploads/gis/63e7e7e4-b844-41e5-a1c4-c4bf5187806d-1778165939578.kml
323,6a087954-3508-4d5f-844c-c2eb5d4c9ce6,254,Unakoti,Saryow Hadou Para,/uploads/gis/a554f254-b96d-4314-9b4c-ef69a960d5dd-1778166035772.kml
324,659a88b0-1d14-4944-b2e6-2c4de7be1166,255,Unakoti,Pusharai Para,/uploads/gis/38fb282a-e957-40f8-a73e-4367cbcba10e-1778166784465.kml
325,fe155426-2a3d-4c80-80cc-6cba3842197a,256,Unakoti,Paschim Ramdula Para,/uploads/gis/36304149-14e0-43c0-8e0b-7c62d2b0b0bd-1778166958901.kml
326,fa5e89d6-fea3-4ba3-8415-2b87a155ce2d,257,Unakoti,Biswas Para,/uploads/gis/892d5cc3-8d87-4ae4-8068-c6fb39f79a35-1778167033190.kml
