row_number,sl_no,district_raw,jfmc_name,reason
5,4,North,Purnaram Para,"missing: area_kobo (raw: 'to be revisited'), kml_drive_link"
6,5,North,Duganga Para,"missing: area_kobo (raw: None), kml_drive_link"
34,25,Gomati,,"missing: jfmc_name, area_sanction (raw: None)"
43,33,Gomati,,"missing: jfmc_name, area_sanction (raw: None)"
49,38,Gomati,,"missing: jfmc_name, area_sanction (raw: None)"
67,55,Gomati,,"missing: jfmc_name, area_sanction (raw: None)"
73,60,Gomati,,"missing: jfmc_name, area_sanction (raw: None)"
92,78,Gomati,,"missing: jfmc_name, area_sanction (raw: None), area_kobo (raw: None), kml_drive_link"
104,89,Gomati,,"missing: jfmc_name, area_sanction (raw: None)"
108,91,South,,"missing: jfmc_name, area_sanction (raw: None), area_kobo (raw: None), kml_drive_link"
109,92,South,,"missing: jfmc_name, area_sanction (raw: None), area_kobo (raw: None), kml_drive_link"
110,93,South,,"missing: jfmc_name, area_sanction (raw: None), area_kobo (raw: None), kml_drive_link"
111,94,South,,"missing: jfmc_name, area_sanction (raw: None), area_kobo (raw: None), kml_drive_link"
112,95,South,,"missing: jfmc_name, area_sanction (raw: None), area_kobo (raw: None), kml_drive_link"
113,96,South,,"missing: jfmc_name, area_sanction (raw: None), area_kobo (raw: None), kml_drive_link"
114,97,South,,"missing: jfmc_name, area_sanction (raw: None), area_kobo (raw: None), kml_drive_link"
119,102,South,,"missing: jfmc_name, area_sanction (raw: None), area_kobo (raw: None), kml_drive_link"
120,103,South,,"missing: jfmc_name, area_sanction (raw: None), area_kobo (raw: None), kml_drive_link"
121,104,South,,"missing: jfmc_name, area_sanction (raw: None), area_kobo (raw: None), kml_drive_link"
122,105,South,,"missing: jfmc_name, area_sanction (raw: None), area_kobo (raw: None), kml_drive_link"
123,106,South,,"missing: jfmc_name, area_sanction (raw: None), area_kobo (raw: None), kml_drive_link"
124,107,South,,"missing: jfmc_name, area_sanction (raw: None), area_kobo (raw: None), kml_drive_link"
125,108,South,,"missing: jfmc_name, area_sanction (raw: None), area_kobo (raw: None), kml_drive_link"
126,109,South,,"missing: jfmc_name, area_sanction (raw: None), area_kobo (raw: None), kml_drive_link"
127,110,South,,"missing: jfmc_name, area_sanction (raw: None), area_kobo (raw: None), kml_drive_link"
128,111,South,,"missing: jfmc_name, area_sanction (raw: None), area_kobo (raw: None), kml_drive_link"
129,112,South,,"missing: jfmc_name, area_sanction (raw: None), area_kobo (raw: None), kml_drive_link"
130,113,South,,"missing: jfmc_name, area_sanction (raw: None), area_kobo (raw: None), kml_drive_link"
131,114,South,,"missing: jfmc_name, area_sanction (raw: None), area_kobo (raw: None), kml_drive_link"
132,115,South,,"missing: jfmc_name, area_sanction (raw: None), area_kobo (raw: None), kml_drive_link"
133,116,South,,"missing: jfmc_name, area_sanction (raw: None), area_kobo (raw: None), kml_drive_link"
134,117,South,,"missing: jfmc_name, area_sanction (raw: None), area_kobo (raw: None), kml_drive_link"
135,118,South,,"missing: jfmc_name, area_sanction (raw: None), area_kobo (raw: None), kml_drive_link"
136,119,South,,"missing: jfmc_name, area_sanction (raw: None), area_kobo (raw: None), kml_drive_link"
137,120,South,,"missing: jfmc_name, area_sanction (raw: None), area_kobo (raw: None), kml_drive_link"
138,121,South,,"missing: jfmc_name, area_sanction (raw: None), area_kobo (raw: None), kml_drive_link"
139,122,South,,"missing: jfmc_name, area_sanction (raw: None), area_kobo (raw: None), kml_drive_link"
140,123,South,,"missing: jfmc_name, area_sanction (raw: None), area_kobo (raw: None), kml_drive_link"
141,124,South,,"missing: jfmc_name, area_sanction (raw: None), area_kobo (raw: None), kml_drive_link"
142,125,South,,"missing: jfmc_name, area_sanction (raw: None), area_kobo (raw: None), kml_drive_link"
143,126,South,,"missing: jfmc_name, area_sanction (raw: None), area_kobo (raw: None), kml_drive_link"
144,127,South,,"missing: jfmc_name, area_sanction (raw: None), area_kobo (raw: None), kml_drive_link"
145,128,South,,"missing: jfmc_name, area_sanction (raw: None), area_kobo (raw: None), kml_drive_link"
146,129,South,,"missing: jfmc_name, area_sanction (raw: None), area_kobo (raw: None), kml_drive_link"
147,Sub-total of AR Bamboo,South,,"missing: jfmc_name, area_sanction (raw: '=SUM(G108:G146)'), area_kobo (raw: None), kml_drive_link"
151,132,South,Sataray,missing: kml_drive_link
152,133,South,,"missing: jfmc_name, area_sanction (raw: None), area_kobo (raw: None), kml_drive_link"
157,136,South,,"missing: jfmc_name, area_sanction (raw: None), area_kobo (raw: None), kml_drive_link"
169,144,South,,"missing: jfmc_name, area_sanction (raw: None), area_kobo (raw: 'Uploaded in KOBO but not sanctioned'), kml_drive_link"
170,145,South,,"missing: jfmc_name, area_sanction (raw: None), area_kobo (raw: None), kml_drive_link"
172,146,South,,"missing: jfmc_name, area_sanction (raw: None), area_kobo (raw: None), kml_drive_link"
173,147,South,,"missing: jfmc_name, area_sanction (raw: None), area_kobo (raw: None), kml_drive_link"
176,149,South,,"missing: jfmc_name, area_sanction (raw: None), area_kobo (raw: 'Uploaded in KOBO but not sanctioned'), kml_drive_link"
178,150,South,,"missing: jfmc_name, area_sanction (raw: None), area_kobo (raw: 'Uploaded in KOBO but not sanctioned'), kml_drive_link"
179,151,South,,"missing: jfmc_name, area_sanction (raw: None), area_kobo (raw: None), kml_drive_link"
181,152,South,,"missing: jfmc_name, area_sanction (raw: None), area_kobo (raw: None), kml_drive_link"
184,154,South,Hadukpara,missing: kml_drive_link
185,155,South,Hadukpara,missing: kml_drive_link
186,156,South,Hadukpara,missing: kml_drive_link
187, ,Sub-total of ANR Bamboo,,"missing: district (raw value: 'Sub-total of ANR Bamboo' not recognized), jfmc_name, area_sanction (raw: '=SUM(G148:G186)'), area_kobo (raw: None), kml_drive_link"
193,161,West,Rairwngbari,"missing: area_kobo (raw: 'Error in KML'), kml_drive_link"
194,162,West,Laltilla,"missing: area_kobo (raw: None), kml_drive_link"
199,167,West,Rairwngbari,"missing: area_kobo (raw: 'Error in KML'), kml_drive_link"
207,173,Dhalai,,"missing: jfmc_name, area_sanction (raw: None), area_kobo (raw: None), kml_drive_link"
210,176,Dhalai,,"missing: jfmc_name, area_sanction (raw: None), area_kobo (raw: None), kml_drive_link"
211,177,Dhalai,,"missing: jfmc_name, area_sanction (raw: None), area_kobo (raw: None), kml_drive_link"
217,181,Dhalai,,"missing: jfmc_name, area_sanction (raw: None), area_kobo (raw: None), kml_drive_link"
220,184,Dhalai,,"missing: jfmc_name, area_sanction (raw: None), area_kobo (raw: None), kml_drive_link"
221,185,Dhalai,,"missing: jfmc_name, area_sanction (raw: None), area_kobo (raw: None), kml_drive_link"
226,190,Dhalai,,"missing: jfmc_name, area_sanction (raw: None), area_kobo (raw: None), kml_drive_link"
227,191,Dhalai,,"missing: jfmc_name, area_sanction (raw: None), area_kobo (raw: None), kml_drive_link"
230,194,Dhalai,,"missing: jfmc_name, area_sanction (raw: None), area_kobo (raw: None), kml_drive_link"
239,202,Dhalai,,"missing: jfmc_name, area_sanction (raw: None), area_kobo (raw: None), kml_drive_link"
245,206,Dhalai,,"missing: jfmc_name, area_sanction (raw: None), area_kobo (raw: None), kml_drive_link"
247,208,Dhalai,,"missing: jfmc_name, area_sanction (raw: None), area_kobo (raw: None), kml_drive_link"
259,219,Dhalai,,"missing: jfmc_name, area_sanction (raw: None), area_kobo (raw: None), kml_drive_link"
271,230,Dhalai,,"missing: jfmc_name, area_sanction (raw: None), area_kobo (raw: None), kml_drive_link"
274,233,Dhalai,-,"missing: area_sanction (raw: '-'), area_kobo (raw: '-'), kml_drive_link"
283,239,Khowai,Sardukarkari,missing: kml_drive_link
284,240,Khowai,Sardukarkari,missing: kml_drive_link
308,241,Unakoti,Pattaline,could not extract Drive file ID from URL: file:///C:\Users\EB578CQ\AppData\Local\Microsoft\Windows\INetCache\Content.Outlook\AppData\Local\Microsoft\Windows\INetCache\Content.Outlook\CRP9BITN\1778490065323.kml
329,258,Sepahijala,,"missing: jfmc_name, area_sanction (raw: None), area_kobo (raw: None), kml_drive_link"
